model,comparison,benefit_ratio_pre,benefit_ratio_post,net_benefit_pre,net_benefit_post,temporal_p
codestral,full_vs_partial,0.06666666666622222,0.46153846153491124,0.6535947712414029,3.870967741932987,0.3258056640625
codestral,full_vs_no,0.2999999999985,0.6111111111077161,4.195804195801262,7.586206896546494,0.3258056640625
gpt-4.1,full_vs_partial,0.44444444443950615,0.42857142856836733,2.2727272727259815,3.1249999999983724,0.3258056640625
gpt-4.1,full_vs_no,0.31818181818037194,0.4999999999977273,4.374999999997266,6.145251396644611,0.3258056640625
gpt-5,full_vs_partial,0.642857142852551,1.285714285705102,5.555555555552127,10.344827586200953,0.3258056640625
gpt-5,full_vs_no,0.49999999999750006,0.6190476190446712,6.451612903221644,7.558139534879327,0.3258056640625
meta-llama,full_vs_partial,0.3076923076899408,0.36363636363305785,2.531645569618651,2.1621621621609934,0.3258056640625
meta-llama,full_vs_no,0.47619047618820864,0.5624999999964845,6.944444444439622,5.142857142854204,0.3258056640625
deepseek-ai,full_vs_partial,0.49999999999583333,0.13333333333244443,3.7499999999976565,1.1560693641611817,0.3258056640625
deepseek-ai,full_vs_no,0.599999999997,0.3684210526296399,8.21917808218615,4.268292682924227,0.3258056640625
openai,full_vs_partial,0.5714285714244898,1.1538461538372782,5.594405594401683,9.740259740253416,0.3258056640625
openai,full_vs_no,0.6666666666622222,0.7777777777734569,7.142857142852041,9.333333333327113,0.3258056640625
Qwen,full_vs_partial,0.6666666666592592,0.299999999997,3.7499999999976565,1.6759776536303488,0.3258056640625
Qwen,full_vs_no,0.4999999999972223,0.3684210526296399,6.081081081076973,4.216867469876978,0.3258056640625
