,AttributeError,TypeError,ValueError,NameError,IndexError,KeyError,ZeroDivisionError,FileNotFoundError,AssertionError,ImportError,RuntimeError,SyntaxError,Other
ClassEval,2.13903743315508,2.333495381623724,5.298979095770539,14.43850267379679,0.4375303840544483,1.06951871657754,1.5070491006319884,0.2916869227029655,71.80359747204666,0.0,0.04861448711716091,0.0,0.6319883325230918
csn,49.40718157181572,22.137533875338754,2.8116531165311653,0.11856368563685636,0.4234417344173441,0.27100271002710025,0.13550135501355012,0.7621951219512195,5.335365853658536,0.0,0.3048780487804878,0.0,18.29268292682927
post_cut-off,45.67277972388214,23.779105707809602,2.5345147331547495,0.2678755409025345,0.01030290541932825,0.6078714197403667,0.0,0.17514939212858027,17.566453739954667,0.03090871625798475,0.19575520296723675,0.0,9.159282917782814
