AttributeError,TypeError,ValueError,NameError,IndexError,KeyError,ZeroDivisionError,FileNotFoundError,AssertionError,ImportError,RuntimeError,SyntaxError,Other
41.59854677565849,21.949742658189525,2.1192854980320917,1.786254919769906,0.12110202845897669,0.4541326067211626,0.2724795640326975,0.2724795640326975,19.95155918861641,0.0,0.0,0.0,11.474417196488043
44.86301369863014,20.776255707762555,1.4840182648401825,1.2557077625570776,0.08561643835616438,0.9988584474885844,0.028538812785388126,0.28538812785388123,18.835616438356166,0.05707762557077625,0.028538812785388126,0.0,11.301369863013697
45.10727367870225,19.88487702773417,1.596023024594453,1.1773940345368918,0.20931449502878074,0.28780743066457354,0.026164311878597593,0.13082155939298795,19.361590790162218,0.18315018315018314,0.026164311878597593,0.0,12.009419152276294
44.15286624203822,21.605095541401273,5.707006369426751,1.1719745222929936,0.17834394904458598,0.535031847133758,0.05095541401273885,0.2038216560509554,16.152866242038215,0.22929936305732482,0.6624203821656051,0.0,9.350318471337578
45.15775034293553,23.209876543209877,3.4293552812071333,1.1248285322359397,0.10973936899862827,1.0425240054869684,0.054869684499314134,0.49382716049382713,15.390946502057613,0.10973936899862827,0.21947873799725653,0.0,9.657064471879288
43.237597911227155,23.52480417754569,2.4281984334203655,1.514360313315927,0.10443864229765012,0.6527415143603132,0.20887728459530025,0.6266318537859008,18.825065274151438,0.0,0.10443864229765012,0.0,8.772845953002612
42.5734494015234,20.620239390642002,2.0946681175190425,1.251360174102285,0.2176278563656148,0.2992383025027203,0.4352557127312296,0.40805223068552776,21.327529923830248,0.0,0.1632208922742111,0.0,10.609357997823722
