,Non-RAG_Count,RAG_Count,Absolute_Diff,Percent_Change,Non-RAG_Pct,RAG_Pct,Pct_Point_Diff
AssertionError,88,60,-28,-31.818181818181817,18.26,14.71,-3.5500000000000007
Other,48,27,-21,-43.75,9.96,6.62,-3.3400000000000007
ValueError,12,2,-10,-83.33333333333334,2.49,0.49,-2.0
AttributeError,210,201,-9,-4.285714285714286,43.57,49.26,5.689999999999998
KeyError,6,2,-4,-66.66666666666666,1.24,0.49,-0.75
NameError,5,2,-3,-60.0,1.04,0.49,-0.55
RuntimeError,2,0,-2,-100.0,0.41,0.0,-0.41
IndexError,0,0,0,,0.0,0.0,0.0
ZeroDivisionError,0,0,0,,0.0,0.0,0.0
ImportError,0,0,0,,0.0,0.0,0.0
SyntaxError,0,0,0,,0.0,0.0,0.0
TypeError,110,111,1,0.9090909090909091,22.82,27.21,4.390000000000001
FileNotFoundError,1,3,2,200.0,0.21,0.74,0.53
