,Non-RAG_Count,RAG_Count,Absolute_Diff,Percent_Change,Non-RAG_Pct,RAG_Pct,Pct_Point_Diff
AttributeError,240,209,-31,-12.916666666666668,50.31,48.27,-2.039999999999999
Other,42,20,-22,-52.38095238095239,8.81,4.62,-4.19
KeyError,4,2,-2,-50.0,0.84,0.46,-0.37999999999999995
NameError,1,0,-1,-100.0,0.21,0.0,-0.21
IndexError,0,0,0,,0.0,0.0,0.0
ZeroDivisionError,0,0,0,,0.0,0.0,0.0
FileNotFoundError,0,0,0,,0.0,0.0,0.0
RuntimeError,0,0,0,,0.0,0.0,0.0
SyntaxError,0,0,0,,0.0,0.0,0.0
TypeError,100,101,1,1.0,20.96,23.33,2.3699999999999974
ValueError,24,25,1,4.166666666666666,5.03,5.77,0.7399999999999993
AssertionError,66,69,3,4.545454545454546,13.84,15.94,2.0999999999999996
ImportError,0,7,7,0.0,0.0,1.62,1.62
