,Non-RAG_Count,RAG_Count,Absolute_Diff,Percent_Change,Non-RAG_Pct,RAG_Pct,Pct_Point_Diff
AttributeError,189,169,-20,-10.582010582010582,43.85,46.43,2.5799999999999983
TypeError,110,92,-18,-16.363636363636363,25.52,25.27,-0.25
AssertionError,79,61,-18,-22.78481012658228,18.33,16.76,-1.5699999999999967
Other,39,29,-10,-25.64102564102564,9.05,7.97,-1.080000000000001
ValueError,10,1,-9,-90.0,2.32,0.27,-2.05
ImportError,2,0,-2,-100.0,0.46,0.0,-0.46
FileNotFoundError,1,0,-1,-100.0,0.23,0.0,-0.23
NameError,0,0,0,,0.0,0.0,0.0
IndexError,0,0,0,,0.0,0.0,0.0
ZeroDivisionError,0,0,0,,0.0,0.0,0.0
RuntimeError,0,0,0,,0.0,0.0,0.0
SyntaxError,0,0,0,,0.0,0.0,0.0
KeyError,1,12,11,1100.0,0.23,3.3,3.07
